Review_Text,Rating,SentimentLabelByHuman
I regretted buying this item.I will never recommend this to anyone,1,Negative
"Not as easy as it sounded like it was going to be. So many things to buy to get full use out of what we knew we COULD do. Every question we seem to ask Alexa/she says she doesn't know the answer and that we'd have to ""download the app"" - so we never use her/only to ask her to set a timer and tell us the time and ask her to play music, which we also had to set up first. Not as neat as we thought she was going to be.",1,Negative
On the second day the unit disconnected from my wireless network and when attempted to reconnect the remote would not work and I could not click on the network settings button. I return that unit for another Amazon fire and the second unit could not find the remote to pair it. I think I will purchase a google or apple next .,1,Negative
"This 7"" 2015 version should have been marketed to children only. It's like a very ""dumbed"" down, cheap version of the better FireHD and HDX. Screen is not as good, battery life is bad, no mirroring to TV and it's slooowww as can be. If you've never owned another kind of Kindle you will probably be accepting of this watered down version. For those that know what a real kindle should be like, you may want to pass on this one. Another version should be along soon and since they can't get much worse than this one you'll probably get a better one. I got mine on Black Friday for a little over $30. total with shopping discounts and I'm still sending it back! That's how disappointed I am with it.",1,Negative
First day of purchase it overheats. Defective product.,1,Negative
I have 4 of the Gen 1 Fire Tv boxes and they are good showing their age. I purchased the new FireTV only be to disappointedPros.. SD Card slotCons.. Many Apps just don't work or are buggy...Search is terrible and only gives Amazon options .. Nvidia Shield also gives my plex server option .. now that is cool... not much faster.. if at all than Gen 1,1,Negative
Didn't work more that 4 months. Don't waste your money.,1,Negative
"This thing is garbage! Do not buy! It is the slowest charger I've every had. It is NOT a fast charger. It is a disgrace that Amazon is offering this product as a fast charger, and discontinued the previous all black square, blocky fast charger which really was a fast charger. This thing is NOT a fast charger. Save your money. Amazon needs to seriously check their supplier, the manufacturer of this junk.Advertising this thing as a fast charger is totally deceptive.",1,Negative
This thing lasted not even a month before it went dead. Going to try and take it back,1,Negative
I bought a Kindle Fire 16GB for my 6 year old son in June. After 4 months the charging port came loose and the device will not charge. Best Buy is aware of the issue and will do nothing about it. Amazon will not warranty their product for more than 90 days and they said the charging ports often break if children are using them! They have no options to fix the device and only offer a small discount if I buy a new one. Amazon does not stand behind this product. They are aware of the defect and continue to sell these.,1,Negative
It's a good device for children because they don't know any better,2,Neutral
Wasnt really impressed with the operating system. Was hoping it was more of android style. Not so much.,2,Negative
I can't update Facebook and a few other apps. It's not what I expected.,2,Negative
Bought it for my 5 yr old daughter and for some reason it did not work. This is the second time I've purchased this and had to return it. So I will get her a mini iPad. Never again will I waste my time and money.,2,Negative
I hope to have it set up for my disabled daughter sooon,2,Neutral
Amazon fire is a good tablet if you like e-books. It's also nice to get a six-month subscription to the Washington Post. Their claim to have 16 gigabytes of storage is misleading because it only gives you 5 and then they want to charge you the same amount of money that you paid for the tablet for unlimited storage.  Another problem is that you can't flag something as being inappropriate like you can on Samsung Galaxy tablets.,2,Neutral
Unfortunately I've been using a far superior tablet when I decided to purchase the Amazon Fire tablet. Comparisons are unavoidable. The Amazon Fire works. Amazon only apps are not as numerous as Google. The tablet is not as streamlined as my other tablet.,2,Neutral
"The earlier models were so simple to use. No nonsense listing of books in it's library, by author or title. Now there are big pictures with tiny lettering and lots of ads.",2,Negative
Bought it accidentally. Meant to get an 8 inch screen.,2,Neutral
"Hi,I ordered this for my daughter who has an extensive liking of tablets. She didnt like it because of lack of google play services and she didnt have the patience to work with it. I knew that the os is only amazon specific but despite the apps that can be downloaded, she was disappointed. I returned it.If you are an avid amazon person, the tablet works great, if you want a google tablet, this isn't for you. I would recommend these for people that want a good decent tablet that they can read and use amazon apps on.",2,Negative
It's a basic tab. Only for reading. I didn't keep it.,3,Neutral
"Pros:CheapFunctions wellUsually pretty fastCons:Wifi signal isn't as strong as more expensive tabletsScreen pales in comparison to other Kindle'sFrequent burn-inIf you're looking for a cheap tablet that works, this does that. If you're looking for a top quality product at a bargain bin price, this isn't that.",3,Neutral
"My grandchildren love this. Its the perfit size for them and ot allows them to do all the things they want. The price was also great, much less than a large tablet.",3,Positive
"I ended up returning this tablet. For the price, $40, the tablet performed very well. However, if you have the money, do yourself a favor and step out of the Amazon lineup. The iPads are great, in my opinion the best, but they cost $$$$. From what I've experienced, the Samsung Tab A line is a solid tablet for a $$ budget. You can often find one on sale for ~$150 and its a pretty good bang-for-the buck.If the money is your ONLY concern, then this will probably work well enough for you.",3,Neutral
It was only forty-nine bucks - - how can anyone complain too much? It's fine. It's adequate. No problems. Smallish screen. The missus uses it to sit on the couch and look at her Facebook. She says it's okay.,3,Neutral
Made a nice Mother's Day gift.......................,3,Positive
Its a good tablet for my 6 yr old to play games and watch videos. Only thing is the charger doesnt stay in the port and battery doesnt last long,3,Neutral
"The tablet itself was nice, but the screen was to small for books, videos, and minecraft.",3,Neutral
I thought it would be as big as small paper but turn out to be just like my palm. I think it is too small to read on it... not very comfortable as regular Kindle. Would definitely recommend a paperwhite instead.,3,Negative
Over all the product is good and works as advertised but lately it is constantly having issues keeping enet connection and even worse has issues updating. We were told this is a larger amazon network issue.,3,Neutral
This product works great and it was a present that she seemed to love.,4,Positive
"Not the best tablet out there by Amazon, bt definitely worth the price. Can do all the basic functions of an android tablet. Great for media and entertainment purposes.",4,Positive
This is good for the price battery is good quality of picture is ok,4,Positive
I wanted something for games and reading so I thought this was a great deal. I have enjoyed it so much. Passes a lot of time for me. Easy to download on too.,4,Positive
"Works great, nice picture, pretty fast; only downfall is that you can't access the Google Play Store, which I needed due to some specific apps. That's the only reason for 4, not 5 stars. I will still keep it though. Great for the price",4,Positive
Amazon kindle fire tablet looks sleek just like a galaxy tablet. It functions well for its price.,4,Positive
"Overall for the price you can't really complain, yes it has directed advertisements on the start screen when you turn it on but again, $50 for a tablet isn't that bad and the ads can be removed by subscribing to Amazon Prime which offers features in itself too.",4,Positive
My first kindle has been to about 20 different countries. I just loaded up with some great books and take off on a vacation. I used to load up with actual books and leave them behind as I finished them. I'm on my second Kindle and it's just so convenient to read in bed and easy to turn the pages. It also fits easily into my purse next to my cell phone so I can read any time I have a few minutes.,4,Positive
"We have been quite impressed with Alexa! We use her often, and my loves having her to entertain the kids. I do wish it were a bit easier to connect her to some of my devices (it was hard to connect her to two separate GE Air Conditioners, things just have to be set up in a very specific way, which wasn't always user friendly). But over all, we have been happy with this purchase!",4,Positive
would be nice with some simple start up directions and links to website hints.,4,Neutral
I would recommend it..very durable and long lasting!,5,Positive
I mainly use my Kindle strictly for book reading. It's the second one I've owned. The first one I had for several years but quit taking a charge. The device is easy to use and has good battery life.,5,Positive
I have a 2014 Kindle HDX and I brought two of these. One for my daughter and one for my husband. I love the new features. I will be buying one for me in the very near future. Great inexpensive price Amazon !!! Thank you for showing that better doesn't have to be extremely pricey. I also love the fact that you added a memory slot. Added 64GB to both. Thank you. Highly recommended!,5,Positive
Bought this for my sister. This has replaced her I Pad. She loves it.,5,Positive
I was really impressed by this tablet compared to the price. It's not the fastest but it gets the job done and a convenient size. I allow my daughter to use this when doing research for homework. It's basically enough so she doesn't get sidetracked and it's advanced enough for me to complete my more advanced tasks. Great value for the price.,5,Positive
GReat an fun product for the whole family. Kid wakes up an asks Alexa the weather to get ready.,5,Positive
Bought this tablet at my local store . The nephews love it,5,Positive
This was very easy to order online and pickup. Convenient and hastle free.,5,Positive
"I enjoy watching free movies, playing great games, and listening to the various music stations.",5,Positive
"I gave this as a gift to another and got it back. I use it for fb and web, also, reading and Alexa. Can't be read in the sun.",5,Positive
